Maker,Name
3,Alpha Romeo
4,Aston Martin
5,Audi
6,BMW
7,Chevrolet
9,Citroen
10,Daihatsu
11,Dodge
12,Fiat
13,Ford
15,Honda
16,Hyundai
17,Jaguar
18,Lancia
21,Mazda
22,Mercedes-Benz
25,Mitsubishi
28,Nissan
30,Pagani
32,Peugeot
33,Gran Turismo
34,Renault
35,RUF
36,Shelby
38,Subaru
39,Suzuki
43,Toyota
44,TVR
46,Volkswagen
49,Infiniti
50,Lexus
51,Mini
52,Pontiac
55,Plymouth
57,Autobianchi
59,Amuse
65,DeLorean
86,Alpine
87,RE Amemiya
93,Chaparral
110,Ferrari
112,Lamborghini
113,Bugatti
116,Maserati
117,McLaren
119,Tesla
121,KTM
125,Abarth
134,Zagato
135,Italdesign
136,Porsche
140,De Tomaso
141,Radical
143,Super Formula
144,BAC
146,Jeep
147,Chris Holstrom Concepts
148,Eckert's Rod & Custom
149,GReddy
150,Wicked Fabrication
151,Roadster Shop
152,Genesis
153,Mercedes-AMG
154,DS Automobiles
155,Nismo
156,Greening Auto Company
157,Garage RCR
158,BVLGARI
159,Hiace
